{"count":1,"self":1562.5513984,"total":2401.0588571999997,"children":{"AgentSendState":{"count":1649777,"self":20.731023999999998,"total":103.1069425,"children":{"CollectObservations":{"count":164978,"self":1.9281852,"total":1.9281853,"children":null},"CollectDiscreteActionMasks":{"count":164978,"self":0.98754349999999991,"total":0.98754349999999991,"children":null},"AgentInfo.ToProto":{"count":164978,"self":3.8447807999999997,"total":79.4601898,"children":{"GenerateSensorData":{"count":164978,"self":75.6154112,"total":75.615409,"children":null}}}}},"DecideAction":{"count":1649777,"self":705.15742719999992,"total":705.1574379,"children":null},"AgentAct":{"count":1649777,"self":29.856364799999998,"total":29.856363499999997,"children":null},"AgentInfo.ToProto":{"count":782,"self":0.0185063,"total":0.385721,"children":{"GenerateSensorData":{"count":782,"self":0.3672147,"total":0.3672147,"children":null}}}},"gauges":{"PlayerBehaviour.CumulativeReward":{"count":782,"max":10.1162786,"min":-0.983443737,"runningAverage":0.985933244,"value":-0.983443737,"weightedAverage":0.03848257}},"metadata":{"timer_format_version":"0.1.0","start_time_seconds":"1601737277","unity_version":"2019.4.10f1","command_line_arguments":"C:\\Program Files\\Unity\\Hub\\Editor\\2019.4.10f1\\Editor\\Unity.exe -projectpath G:\/GamesAIAssignment2 -useHub -hubIPC -cloudEnvironment production -hubSessionId 1ddf66f0-051e-11eb-a430-072b49cb3229 -accessToken WpC48SftPsVImyr093P_HvfT_qULCnqhp_T06fgcM6w00ff","communication_protocol_version":"1.0.0","com.unity.ml-agents_version":"1.0.3","scene_name":"Main","end_time_seconds":"1601739678"}}